{
  "movies": [
    {
      "id": "634649",
      "overview": "Peter Parker is unmasked and no longer able to separate his normal life from the high-stakes of being a super-hero. When he asks for help from Doctor Strange the stakes become even more dangerous, forcing him to discover what it truly means to be Spider-Man.",
      "poster_path": "https://image.tmdb.org/t/p/w500/1g0dhYtq4irTY1GPXvft6k4YLjm.jpg",
      "release_date": "2021-12-15",
      "title": "Spider-Man: No Way Home",
      "vote_average": "8.4"
    },
    {
      "id": "774825",
      "overview": "The fearless one-eyed weasel Buck teams up with mischievous possum brothers Crash & Eddie as they head off on a new adventure into Buck's home: The Dinosaur World.",
      "poster_path": "https://image.tmdb.org/t/p/w500/zzXFM4FKDG7l1ufrAkwQYv2xvnh.jpg",
      "release_date": "2022-01-28",
      "title": "The Ice Age Adventures of Buck Wild",
      "vote_average": "7.4"
    },
    {
      "id": "524434",
      "overview": "The Eternals are a team of ancient aliens who have been living on Earth in secret for thousands of years. When an unexpected tragedy forces them out of the shadows, they are forced to reunite against mankind’s most ancient enemy, the Deviants.",
      "poster_path": "https://image.tmdb.org/t/p/w500/bcCBq9N1EMo3daNIjWJ8kYvrQm6.jpg",
      "release_date": "2021-11-03",
      "title": "Eternals",
      "vote_average": "7.2"
    },
    {
      "id": "568124",
      "overview": "The tale of an extraordinary family, the Madrigals, who live hidden in the mountains of Colombia, in a magical house, in a vibrant town, in a wondrous, charmed place called an Encanto. The magic of the Encanto has blessed every child in the family with a unique gift from super strength to the power to heal—every child except one, Mirabel. But when she discovers that the magic surrounding the Encanto is in danger, Mirabel decides that she, the only ordinary Madrigal, might just be her exceptional family's last hope.",
      "poster_path": "https://image.tmdb.org/t/p/w500/4j0PNHkMr5ax3IA8tjtxcmPU3QT.jpg",
      "release_date": "2021-11-24",
      "title": "Encanto",
      "vote_average": "7.8"
    },
    {
      "id": "585083",
      "overview": "When Van Helsing's mysterious invention, the \"Monsterfication Ray,\" goes haywire, Drac and his monster pals are all transformed into humans, and Johnny becomes a monster. In their new mismatched bodies, Drac and Johnny must team up and race across the globe to find a cure before it's too late, and before they drive each other crazy.",
      "poster_path": "https://image.tmdb.org/t/p/w500/teCy1egGQa0y8ULJvlrDHQKnxBL.jpg",
      "release_date": "2022-01-13",
      "title": "Hotel Transylvania: Transformania",
      "vote_average": "7.6"
    },
    {
      "id": "425909",
      "overview": "When a single mom and her two kids arrive in a small town, they begin to discover their connection to the original Ghostbusters and the secret legacy their grandfather left behind.",
      "poster_path": "https://image.tmdb.org/t/p/w500/sg4xJaufDiQl7caFEskBtQXfD4x.jpg",
      "release_date": "2021-11-11",
      "title": "Ghostbusters: Afterlife",
      "vote_average": "7.7"
    },
    {
      "id": "801071",
      "overview": "When a vintage Jack-in-the-box is opened by a dying woman, she enters into a deal with the demon within that would see her illness cured in return for helping it claim six innocent victims.",
      "poster_path": "https://image.tmdb.org/t/p/w500/3Ib8vlWTrAKRrTWUrTrZPOMW4jp.jpg",
      "release_date": "2022-01-03",
      "title": "The Jack in the Box: Awakening",
      "vote_average": "5.1"
    },
    {
      "id": "766907",
      "overview": "An ex-NYPD officer-turned-sheriff of a small rural Georgia town has to contend with a gang of thieves who have taken a wealthy doctor hostage.",
      "poster_path": "https://image.tmdb.org/t/p/w500/daeVrgyj0ue8qb3AHyU3UeCwoZz.jpg",
      "release_date": "2022-01-07",
      "title": "American Siege",
      "vote_average": "5.3"
    },
    {
      "id": "438695",
      "overview": "Buster and his new cast now have their sights set on debuting a new show at the Crystal Tower Theater in glamorous Redshore City. But with no connections, he and his singers must sneak into the Crystal Entertainment offices, run by the ruthless wolf mogul Jimmy Crystal, where the gang pitches the ridiculous idea of casting the lion rock legend Clay Calloway in their show. Buster must embark on a quest to find the now-isolated Clay and persuade him to return to the stage.",
      "poster_path": "https://image.tmdb.org/t/p/w500/aWeKITRFbbwY8txG5uCj4rMCfSP.jpg",
      "release_date": "2021-12-01",
      "title": "Sing 2",
      "vote_average": "8.2"
    },
    {
      "id": "624860",
      "overview": "Plagued by strange memories, Neo's life takes an unexpected turn when he finds himself back inside the Matrix.",
      "poster_path": "https://image.tmdb.org/t/p/w500/8c4a8kE7PizaGQQnditMmI1xbRp.jpg",
      "release_date": "2021-12-16",
      "title": "The Matrix Resurrections",
      "vote_average": "6.8"
    },
    {
      "id": "460458",
      "overview": "Once the booming home of pharmaceutical giant Umbrella Corporation, Raccoon City is now a dying Midwestern town. The company’s exodus left the city a wasteland…with great evil brewing below the surface. When that evil is unleashed, the townspeople are forever…changed…and a small group of survivors must work together to uncover the truth behind Umbrella and make it through the night.",
      "poster_path": "https://image.tmdb.org/t/p/w500/7uRbWOXxpWDMtnsd2PF3clu65jc.jpg",
      "release_date": "2021-11-24",
      "title": "Resident Evil: Welcome to Raccoon City",
      "vote_average": "6.1"
    }
  ]
}