{
  "tvshows": [
    {
      "id": "114695",
      "overview": "Revisit the epic heroes, villains and moments from across the MCU in preparation for the stories still to come. Each dynamic segment feeds directly into the upcoming series — setting the stage for future events. This series weaves together the many threads that constitute the unparalleled Marvel Cinematic Universe.",
      "poster_path": "https://image.tmdb.org/t/p/w500/EpDuYIK81YtCUT3gH2JDpyj8Qk.jpg",
      "first_air_date": "2021-01-08",
      "title": "Marvel Studios: Legends",
      "vote_average": "7.5"
    },
    {
      "id": "90",
      "overview": "Revealing the dark truth that aviation safety improves one crash at a time, Mayday  investigates legendary aviation disasters to find out what went wrong and why.\n\nBased on cockpit voice recorders, accident reports and eyewitness accounts, every episode also features interviews, state-of-the-art CGI and gripping reenactments.",
      "poster_path": "https://image.tmdb.org/t/p/w500/dTTl7DR23zr8IlPSMh2Vcfumyo3.jpg",
      "first_air_date": "2003-09-03",
      "title": "Mayday",
      "vote_average": "8.2"
    },
    {
      "id": "45",
      "overview": "This fast-paced and stunt-filled motor show tests whether cars, both mundane and extraordinary, live up to their manufacturers' claims. The long-running show travels to locations around the world, performing extreme stunts and challenges to see what the featured cars are capable of doing. The current hosts are Paddy Mcguinness, Chris Harris and Andrew \"Freddie\" Flintoff.",
      "poster_path": "https://image.tmdb.org/t/p/w500/aqM6QnuhSXzjHlKbXyKUqxaGiWu.jpg",
      "first_air_date": "2002-10-20",
      "title": "Top Gear",
      "vote_average": "7.4"
    },
    {
      "id": "3562",
      "overview": "PBS' premier science series helps viewers of all ages explore the science behind the headlines. Along the way, NOVA demystifies science and technology, and highlights the people involved in scientific pursuits.",
      "poster_path": "https://image.tmdb.org/t/p/w500/giUBXYnDAaJgNqA6iE3BMVE2EHp.jpg",
      "first_air_date": "1974-03-03",
      "title": "NOVA",
      "vote_average": "7.1"
    },
    {
      "id": "87083",
      "overview": "Drivers, managers and team owners live life in the fast lane -- both on and off the track -- during one cutthroat season of Formula 1 racing.",
      "poster_path": "https://image.tmdb.org/t/p/w500/hZZpqv9bKo9tUMmQY54HIJcgyqx.jpg",
      "first_air_date": "2019-03-08",
      "title": "Formula 1: Drive to Survive",
      "vote_average": "8.3"
    },
    {
      "id": "137003",
      "overview": "The investigators behind infamous serial killer cases reveal the harrowing, chilling details of their extraordinary efforts in this true crime series.",
      "poster_path": "https://image.tmdb.org/t/p/w500/628U5ybT3fV0gGbT41Lk3R15Ya0.jpg",
      "first_air_date": "2021-11-04",
      "title": "Catching Killers",
      "vote_average": "6.4"
    },
    {
      "id": "32608",
      "overview": "Did intelligent beings from outer space visit Earth thousands of years ago? From the age of the dinosaurs to ancient Egypt, from early cave drawings to continued mass sightings in the US, each episode gives historic depth to the questions, speculations, provocative controversies, first-hand accounts and grounded theories surrounding this age old debate.",
      "poster_path": "https://image.tmdb.org/t/p/w500/8yR1FK6z1Gx0pyvyXRJrvbxOyuU.jpg",
      "first_air_date": "2010-04-20",
      "title": "Ancient Aliens",
      "vote_average": "6.9"
    },
    {
      "id": "118924",
      "overview": "Go behind the scenes of the shows and movies of the Marvel Cinematic Universe, following the filmmakers, cast and crew, and Marvel heroes every step of the way.",
      "poster_path": "https://image.tmdb.org/t/p/w500/v2BHRwtQVkt5fssLdo5MpFgHJPY.jpg",
      "first_air_date": "2021-03-12",
      "title": "Marvel Studios: Assembled",
      "vote_average": "7.4"
    },
    {
      "id": "1181",
      "overview": "TV's most-watched history series brings to life the compelling stories from our past that inform our understanding of the world today.",
      "poster_path": "https://image.tmdb.org/t/p/w500/g0CcpIzTA3nWETpLiatdnTcU2Qn.jpg",
      "first_air_date": "1988-10-04",
      "title": "American Experience",
      "vote_average": "8.4"
    },
    {
      "id": "10472",
      "overview": "Now the longest-running music series in American television history, ACL showcases popular music legends and innovators from every genre.",
      "poster_path": "https://image.tmdb.org/t/p/w500/qBVRuTUki4okdGOO5TJJZb99Q6X.jpg",
      "first_air_date": "1975-01-01",
      "title": "Austin City Limits",
      "vote_average": "6.1"
    },
    {
      "id": "224",
      "overview": "BBC's football highlights and analysis.\n\n\"The longest-running football television programme in the world\" as recognised by Guinness World Records in 2015.",
      "poster_path": "https://image.tmdb.org/t/p/w500/paRFRd11WlFOxVbGnzjjCBym7FW.jpg",
      "first_air_date": "1964-08-22",
      "title": "Match of the Day",
      "vote_average": "7.7"
    }
  ]
}